{"engineId":"6197cd9a-9c91-4527-b1ce-42192497031b","engineName":"Telehealth_Mock","rdbmsId":"3a589ad0-51d9-4a30-a0e3-7838cf8753d1","varstore":{},"frames":[{"file":"@BaseFolder@\\db\\@ENGINE@\\version\\3a589ad0-51d9-4a30-a0e3-7838cf8753d1\\FRAME176627.gz","meta":"@BaseFolder@\\db\\@ENGINE@\\version\\3a589ad0-51d9-4a30-a0e3-7838cf8753d1\\METADATA__FRAME176627.owl","state":null,"type":"prerna.ds.h2.H2Frame","name":"FRAME176627","keys":["$CUR_FRAME_KEY","FRAME176627"]}],"panels":[{"panelId":"0","panelLabel":null,"view":"visualization","viewOptions":"{\"type\":\"echarts\"}","viewOptionsMap":{"federate-view":{"app_id":"6197cd9a-9c91-4527-b1ce-42192497031b"},"visualization":{"type":"echarts"}},"config":{"type":"STANDARD","opacity":100},"ornaments":{},"events":{"onSingleClick":{"Unfilter":[{"disabledVisuals":["Grid","Sunburst"],"default":true,"query":"UnfilterFrame(<SelectedColumn>);","options":{},"refresh":false,"disabled":false,"panel":""}]},"onBrush":{"Filter":[{"default":true,"query":"if(IsEmpty(<SelectedValues>), UnfilterFrame(<SelectedColumn>), SetFrameFilter(<SelectedColumn>==<SelectedValues>));","options":{},"refresh":false,"disabled":false,"panel":""}]}},"comments":{},"position":{},"filters":[],"order":[],"cbv":[]},{"panelId":"1","panelLabel":null,"view":"visualization","viewOptions":"{\"type\":\"echarts\"}","viewOptionsMap":{"federate-view":{"app_id":"6197cd9a-9c91-4527-b1ce-42192497031b"},"visualization":{"type":"echarts"}},"config":{"type":"STANDARD","opacity":100.0},"ornaments":{},"events":{"onSingleClick":{"Unfilter":[{"disabledVisuals":["Grid","Sunburst"],"default":true,"query":"UnfilterFrame(<SelectedColumn>);","options":{},"refresh":false,"disabled":false,"panel":""}]},"onBrush":{"Filter":[{"default":true,"query":"if(IsEmpty(<SelectedValues>), UnfilterFrame(<SelectedColumn>), SetFrameFilter(<SelectedColumn>==<SelectedValues>));","options":{},"refresh":false,"disabled":false,"panel":""}]}},"comments":{},"position":{},"filters":[],"order":[],"cbv":[]},{"panelId":"2","panelLabel":null,"view":"visualization","viewOptions":"{\"type\":\"standard\"}","viewOptionsMap":{"federate-view":{"app_id":"6197cd9a-9c91-4527-b1ce-42192497031b"},"visualization":{"type":"standard"}},"config":{"type":"STANDARD","opacity":100.0},"ornaments":{},"events":{"onSingleClick":{"Unfilter":[{"disabledVisuals":["Grid","Sunburst"],"default":true,"query":"UnfilterFrame(<SelectedColumn>);","options":{},"refresh":false,"disabled":false,"panel":""}]},"onBrush":{"Filter":[{"default":true,"query":"if(IsEmpty(<SelectedValues>), UnfilterFrame(<SelectedColumn>), SetFrameFilter(<SelectedColumn>==<SelectedValues>));","options":{},"refresh":false,"disabled":false,"panel":""}]}},"comments":{},"position":{},"filters":[],"order":[],"cbv":[]},{"panelId":"3","panelLabel":null,"view":"visualization","viewOptions":"{\"type\":\"standard\"}","viewOptionsMap":{"federate-view":{"app_id":"6197cd9a-9c91-4527-b1ce-42192497031b"},"visualization":{"type":"standard"}},"config":{"type":"STANDARD","opacity":100.0},"ornaments":{},"events":{"onSingleClick":{"Unfilter":[{"disabledVisuals":["Grid","Sunburst"],"default":true,"query":"UnfilterFrame(<SelectedColumn>);","options":{},"refresh":false,"disabled":false,"panel":""}]},"onBrush":{"Filter":[{"default":true,"query":"if(IsEmpty(<SelectedValues>), UnfilterFrame(<SelectedColumn>), SetFrameFilter(<SelectedColumn>==<SelectedValues>));","options":{},"refresh":false,"disabled":false,"panel":""}]}},"comments":{},"position":{},"filters":[],"order":[],"cbv":[]}],"tasks":{"tasks":[{"type":"basic","task":{"taskType":"basic","id":"task1","numCollected":500,"internalOffset":0,"taskOptions":"{\"options\":{\"0\":{\"layout\":\"Grid\",\"alignment\":{\"label\":[\"MEPRS3CodeDescription\",\"Patient_Site\",\"Provider_Location\",\"Record_ID\",\"TELEHEALTH_MOCK\",\"Wave\"]}}},\"ornament\":false}","qs":{"qsType":"FRAME","frameName":"FRAME176627","isDistinct":true,"overrideImplicit":false,"limit":500,"offset":0,"relations":"[]","selectors":[{"type":"COLUMN","content":{"table":"FRAME176627","column":"MEPRS3CodeDescription","alias":"MEPRS3CodeDescription","tableAlias":null}},{"type":"COLUMN","content":{"table":"FRAME176627","column":"Patient_Site","alias":"Patient_Site","tableAlias":null}},{"type":"COLUMN","content":{"table":"FRAME176627","column":"Provider_Location","alias":"Provider_Location","tableAlias":null}},{"type":"COLUMN","content":{"table":"FRAME176627","column":"Record_ID","alias":"Record_ID","tableAlias":null}},{"type":"COLUMN","content":{"table":"FRAME176627","column":"TELEHEALTH_MOCK","alias":"TELEHEALTH_MOCK","tableAlias":null}},{"type":"COLUMN","content":{"table":"FRAME176627","column":"Wave","alias":"Wave","tableAlias":null}}]}}},{"type":"basic","task":{"taskType":"basic","id":"task3","numCollected":500,"internalOffset":0,"taskOptions":"{\"options\":{\"0\":{\"layout\":\"Graph\",\"alignment\":{\"start\":[\"Patient_Site\"],\"end\":[\"Provider_Location\"],\"facet\":[]}}},\"ornament\":false}","qs":{"qsType":"FRAME","frameName":"FRAME176627","isDistinct":true,"overrideImplicit":false,"limit":500,"offset":0,"relations":"[]","selectors":[{"type":"COLUMN","content":{"table":"Patient_Site","column":"PRIM_KEY_PLACEHOLDER","alias":"Patient_Site","tableAlias":null}},{"type":"COLUMN","content":{"table":"Provider_Location","column":"PRIM_KEY_PLACEHOLDER","alias":"Provider_Location","tableAlias":null}}]}}},{"type":"basic","task":{"taskType":"basic","id":"task5","numCollected":500,"internalOffset":0,"taskOptions":"{\"options\":{\"1\":{\"layout\":\"Pie\",\"alignment\":{\"heat\":[],\"tooltip\":[],\"label\":[\"Patient_Site\"],\"value\":[\"CountofProvider_Location\"],\"facet\":[]}}},\"ornament\":false}","qs":{"qsType":"FRAME","frameName":"FRAME176627","isDistinct":true,"overrideImplicit":false,"limit":500,"offset":0,"relations":"[]","groups":["{\"column\":\"PRIM_KEY_PLACEHOLDER\",\"table\":\"Patient_Site\",\"alias\":\"\"}"],"selectors":[{"type":"COLUMN","content":{"table":"Patient_Site","column":"PRIM_KEY_PLACEHOLDER","alias":"Patient_Site","tableAlias":null}},{"type":"FUNCTION","content":{"alias":"CountofProvider_Location","function":"count","distinct":false,"colCast":"","innerSelectors":[{"type":"COLUMN","content":{"table":"Provider_Location","column":"PRIM_KEY_PLACEHOLDER","alias":"Provider_Location","tableAlias":null}}]}}]}}},{"type":"basic","task":{"taskType":"basic","id":"task7","numCollected":500,"internalOffset":0,"taskOptions":"{\"options\":{\"1\":{\"layout\":\"Pie\",\"alignment\":{\"heat\":[],\"tooltip\":[],\"label\":[\"MEPRS3CodeDescription\"],\"value\":[\"CountofRecord_ID\"],\"facet\":[]}}},\"ornament\":false}","qs":{"qsType":"FRAME","frameName":"FRAME176627","isDistinct":true,"overrideImplicit":false,"limit":500,"offset":0,"relations":"[]","groups":["{\"column\":\"PRIM_KEY_PLACEHOLDER\",\"table\":\"MEPRS3CodeDescription\",\"alias\":\"\"}"],"selectors":[{"type":"COLUMN","content":{"table":"MEPRS3CodeDescription","column":"PRIM_KEY_PLACEHOLDER","alias":"MEPRS3CodeDescription","tableAlias":null}},{"type":"FUNCTION","content":{"alias":"CountofRecord_ID","function":"count","distinct":false,"colCast":"","innerSelectors":[{"type":"COLUMN","content":{"table":"Record_ID","column":"PRIM_KEY_PLACEHOLDER","alias":"Record_ID","tableAlias":null}}]}}]}}},{"type":"basic","task":{"taskType":"basic","id":"task9","numCollected":500,"internalOffset":0,"taskOptions":"{\"options\":{\"2\":{\"layout\":\"HeatMap\",\"alignment\":{\"heat\":[\"CountofRecord_ID\"],\"x\":[\"Patient_Site\"],\"tooltip\":[],\"y\":[\"Provider_Location\"],\"facet\":[]}}},\"ornament\":false}","qs":{"qsType":"FRAME","frameName":"FRAME176627","isDistinct":true,"overrideImplicit":false,"limit":500,"offset":0,"relations":"[]","groups":["{\"column\":\"PRIM_KEY_PLACEHOLDER\",\"table\":\"Patient_Site\",\"alias\":\"\"}","{\"column\":\"PRIM_KEY_PLACEHOLDER\",\"table\":\"Provider_Location\",\"alias\":\"\"}"],"selectors":[{"type":"COLUMN","content":{"table":"Patient_Site","column":"PRIM_KEY_PLACEHOLDER","alias":"Patient_Site","tableAlias":null}},{"type":"COLUMN","content":{"table":"Provider_Location","column":"PRIM_KEY_PLACEHOLDER","alias":"Provider_Location","tableAlias":null}},{"type":"FUNCTION","content":{"alias":"CountofRecord_ID","function":"count","distinct":false,"colCast":"","innerSelectors":[{"type":"COLUMN","content":{"table":"Record_ID","column":"PRIM_KEY_PLACEHOLDER","alias":"Record_ID","tableAlias":null}}]}}]}}},{"type":"basic","task":{"taskType":"basic","id":"task11","numCollected":500,"internalOffset":0,"taskOptions":"{\"options\":{\"2\":{\"layout\":\"HeatMap\",\"alignment\":{\"heat\":[\"CountofRecord_ID\"],\"x\":[\"Patient_Site\"],\"tooltip\":[],\"y\":[\"Patient_Site\"]}}},\"ornament\":false}","qs":{"qsType":"FRAME","frameName":"FRAME176627","isDistinct":true,"overrideImplicit":false,"limit":500,"offset":0,"relations":"[]","groups":["{\"column\":\"PRIM_KEY_PLACEHOLDER\",\"table\":\"Patient_Site\",\"alias\":\"\"}"],"selectors":[{"type":"COLUMN","content":{"table":"Patient_Site","column":"PRIM_KEY_PLACEHOLDER","alias":"Patient_Site","tableAlias":null}},{"type":"FUNCTION","content":{"alias":"CountofRecord_ID","function":"count","distinct":false,"colCast":"","innerSelectors":[{"type":"COLUMN","content":{"table":"Record_ID","column":"PRIM_KEY_PLACEHOLDER","alias":"Record_ID","tableAlias":null}}]}}]}}},{"type":"basic","task":{"taskType":"basic","id":"task13","numCollected":500,"internalOffset":0,"taskOptions":"{\"options\":{\"2\":{\"layout\":\"HeatMap\",\"alignment\":{\"heat\":[\"CountofRecord_ID\"],\"x\":[\"Provider_Location\"],\"tooltip\":[],\"y\":[\"Patient_Site\"]}}},\"ornament\":false}","qs":{"qsType":"FRAME","frameName":"FRAME176627","isDistinct":true,"overrideImplicit":false,"limit":500,"offset":0,"relations":"[]","groups":["{\"column\":\"PRIM_KEY_PLACEHOLDER\",\"table\":\"Provider_Location\",\"alias\":\"\"}","{\"column\":\"PRIM_KEY_PLACEHOLDER\",\"table\":\"Patient_Site\",\"alias\":\"\"}"],"selectors":[{"type":"COLUMN","content":{"table":"Provider_Location","column":"PRIM_KEY_PLACEHOLDER","alias":"Provider_Location","tableAlias":null}},{"type":"COLUMN","content":{"table":"Patient_Site","column":"PRIM_KEY_PLACEHOLDER","alias":"Patient_Site","tableAlias":null}},{"type":"FUNCTION","content":{"alias":"CountofRecord_ID","function":"count","distinct":false,"colCast":"","innerSelectors":[{"type":"COLUMN","content":{"table":"Record_ID","column":"PRIM_KEY_PLACEHOLDER","alias":"Record_ID","tableAlias":null}}]}}]}}},{"type":"basic","task":{"taskType":"basic","id":"task15","numCollected":500,"internalOffset":0,"taskOptions":"{\"options\":{\"3\":{\"layout\":\"Pack\",\"alignment\":{\"value\":[\"CountofRecord_ID\"],\"group\":[\"Wave\",\"Provider_Location\",\"Patient_Site\"]}}},\"ornament\":false}","qs":{"qsType":"FRAME","frameName":"FRAME176627","isDistinct":true,"overrideImplicit":false,"limit":500,"offset":0,"relations":"[]","groups":["{\"column\":\"PRIM_KEY_PLACEHOLDER\",\"table\":\"Wave\",\"alias\":\"\"}","{\"column\":\"PRIM_KEY_PLACEHOLDER\",\"table\":\"Provider_Location\",\"alias\":\"\"}","{\"column\":\"PRIM_KEY_PLACEHOLDER\",\"table\":\"Patient_Site\",\"alias\":\"\"}"],"selectors":[{"type":"COLUMN","content":{"table":"Wave","column":"PRIM_KEY_PLACEHOLDER","alias":"Wave","tableAlias":null}},{"type":"COLUMN","content":{"table":"Provider_Location","column":"PRIM_KEY_PLACEHOLDER","alias":"Provider_Location","tableAlias":null}},{"type":"COLUMN","content":{"table":"Patient_Site","column":"PRIM_KEY_PLACEHOLDER","alias":"Patient_Site","tableAlias":null}},{"type":"FUNCTION","content":{"alias":"CountofRecord_ID","function":"count","distinct":false,"colCast":"","innerSelectors":[{"type":"COLUMN","content":{"table":"Record_ID","column":"PRIM_KEY_PLACEHOLDER","alias":"Record_ID","tableAlias":null}}]}}]}}},{"type":"basic","task":{"taskType":"basic","id":"task17","numCollected":500,"internalOffset":0,"taskOptions":"{\"options\":{\"3\":{\"layout\":\"Pack\",\"alignment\":{\"value\":[\"CountofRecord_ID\"],\"group\":[\"Wave\",\"Patient_Site\"]}}},\"ornament\":false}","qs":{"qsType":"FRAME","frameName":"FRAME176627","isDistinct":true,"overrideImplicit":false,"limit":500,"offset":0,"relations":"[]","groups":["{\"column\":\"PRIM_KEY_PLACEHOLDER\",\"table\":\"Wave\",\"alias\":\"\"}","{\"column\":\"PRIM_KEY_PLACEHOLDER\",\"table\":\"Patient_Site\",\"alias\":\"\"}"],"selectors":[{"type":"COLUMN","content":{"table":"Wave","column":"PRIM_KEY_PLACEHOLDER","alias":"Wave","tableAlias":null}},{"type":"COLUMN","content":{"table":"Patient_Site","column":"PRIM_KEY_PLACEHOLDER","alias":"Patient_Site","tableAlias":null}},{"type":"FUNCTION","content":{"alias":"CountofRecord_ID","function":"count","distinct":false,"colCast":"","innerSelectors":[{"type":"COLUMN","content":{"table":"Record_ID","column":"PRIM_KEY_PLACEHOLDER","alias":"Record_ID","tableAlias":null}}]}}]}}},{"type":"basic","task":{"taskType":"basic","id":"task19","numCollected":500,"internalOffset":0,"taskOptions":"{\"options\":{\"3\":{\"layout\":\"Pack\",\"alignment\":{\"value\":[\"CountofRecord_ID\"],\"group\":[\"Wave\",\"Patient_Site\",\"Provider_Location\"]}}},\"ornament\":false}","qs":{"qsType":"FRAME","frameName":"FRAME176627","isDistinct":true,"overrideImplicit":false,"limit":500,"offset":0,"relations":"[]","groups":["{\"column\":\"PRIM_KEY_PLACEHOLDER\",\"table\":\"Wave\",\"alias\":\"\"}","{\"column\":\"PRIM_KEY_PLACEHOLDER\",\"table\":\"Patient_Site\",\"alias\":\"\"}","{\"column\":\"PRIM_KEY_PLACEHOLDER\",\"table\":\"Provider_Location\",\"alias\":\"\"}"],"selectors":[{"type":"COLUMN","content":{"table":"Wave","column":"PRIM_KEY_PLACEHOLDER","alias":"Wave","tableAlias":null}},{"type":"COLUMN","content":{"table":"Patient_Site","column":"PRIM_KEY_PLACEHOLDER","alias":"Patient_Site","tableAlias":null}},{"type":"COLUMN","content":{"table":"Provider_Location","column":"PRIM_KEY_PLACEHOLDER","alias":"Provider_Location","tableAlias":null}},{"type":"FUNCTION","content":{"alias":"CountofRecord_ID","function":"count","distinct":false,"colCast":"","innerSelectors":[{"type":"COLUMN","content":{"table":"Record_ID","column":"PRIM_KEY_PLACEHOLDER","alias":"Record_ID","tableAlias":null}}]}}]}}}],"taskCounter":20},"recipe":["AddPanel ( 0 ) ;","Panel ( 0 ) | AddPanelConfig ( config = [ { \"config\" : { \"type\" : \"STANDARD\" , \"opacity\" : 100 } } ] ) ;","Panel ( 0 ) | AddPanelEvents ( { \"onSingleClick\" : { \"Unfilter\" : [ { \"panel\" : \"\" , \"query\" : \"<encode>UnfilterFrame(<SelectedColumn>);</encode>\" , \"options\" : { } , \"refresh\" : false , \"default\" : true , \"disabledVisuals\" : [ \"Grid\" , \"Sunburst\" ] , \"disabled\" : false } ] } , \"onBrush\" : { \"Filter\" : [ { \"panel\" : \"\" , \"query\" : \"<encode>if(IsEmpty(<SelectedValues>), UnfilterFrame(<SelectedColumn>), SetFrameFilter(<SelectedColumn>==<SelectedValues>));</encode>\" , \"options\" : { } , \"refresh\" : false , \"default\" : true , \"disabled\" : false } ] } } ) ;","Panel ( 0 ) | RetrievePanelEvents ( ) ;","Panel ( 0 ) | SetPanelView ( \"visualization\" , \"<encode>{\"type\":\"echarts\"}</encode>\" ) ;","Panel ( 0 ) | SetPanelView ( \"federate-view\" , \"<encode>{\"app_id\":\"6197cd9a-9c91-4527-b1ce-42192497031b\"}</encode>\" ) ;","CreateFrame ( frameType = [ GRID ] ) .as ( [ 'FRAME176627' ] ) ;","Database ( database = [ \"6197cd9a-9c91-4527-b1ce-42192497031b\" ] ) | Select ( TELEHEALTH_MOCK , TELEHEALTH_MOCK__MEPRS3CodeDescription , TELEHEALTH_MOCK__Patient_Site , TELEHEALTH_MOCK__Provider_Location , TELEHEALTH_MOCK__Record_ID , TELEHEALTH_MOCK__Wave ) .as ( [ TELEHEALTH_MOCK , MEPRS3CodeDescription , Patient_Site , Provider_Location , Record_ID , Wave ] ) | Import ( ) ;","Panel ( 0 ) | SetPanelView ( \"visualization\" ) ;","Frame ( ) | QueryAll ( ) | AutoTaskOptions ( panel = [ \"0\" ] , layout = [ \"Grid\" ] ) | Collect ( 500 ) ;","Frame ( ) | Select ( Patient_Site , Provider_Location ) .as ( [ Patient_Site , Provider_Location ] ) | With ( Panel ( 0 ) ) | Format ( type = [ 'graph' ] , options = [ { \"connections\" : \"Patient_Site.Provider_Location;\" } ] ) | TaskOptions ( { \"0\" : { \"layout\" : \"Graph\" , \"alignment\" : { \"start\" : [ \"Patient_Site\" ] , \"end\" : [ \"Provider_Location\" ] , \"facet\" : [ ] } } } ) | Collect ( 500 ) ;","Panel ( 0 ) | Clone ( 1 ) ;","if ( ( HasDuplicates ( Patient_Site ) ) , ( Frame ( ) | Select ( Patient_Site , Count ( Provider_Location ) ) .as ( [ Patient_Site , CountofProvider_Location ] ) | Group ( Patient_Site ) | With ( Panel ( 1 ) ) | Format ( type = [ 'table' ] ) | TaskOptions ( { \"1\" : { \"layout\" : \"Pie\" , \"alignment\" : { \"label\" : [ \"Patient_Site\" ] , \"value\" : [ \"CountofProvider_Location\" ] , \"heat\" : [ ] , \"tooltip\" : [ ] , \"facet\" : [ ] } } } ) | Collect ( 500 ) ) , ( Frame ( ) | Select ( Patient_Site , Count ( Provider_Location ) ) .as ( [ Patient_Site , CountofProvider_Location ] ) | Group ( Patient_Site ) | With ( Panel ( 1 ) ) | Format ( type = [ 'table' ] ) | TaskOptions ( { \"1\" : { \"layout\" : \"Pie\" , \"alignment\" : { \"label\" : [ \"Patient_Site\" ] , \"value\" : [ \"CountofProvider_Location\" ] , \"heat\" : [ ] , \"tooltip\" : [ ] , \"facet\" : [ ] } } } ) | Collect ( 500 ) ) ) ;","if ( ( HasDuplicates ( MEPRS3CodeDescription ) ) , ( Frame ( ) | Select ( MEPRS3CodeDescription , Count ( Record_ID ) ) .as ( [ MEPRS3CodeDescription , CountofRecord_ID ] ) | Group ( MEPRS3CodeDescription ) | With ( Panel ( 1 ) ) | Format ( type = [ 'table' ] ) | TaskOptions ( { \"1\" : { \"layout\" : \"Pie\" , \"alignment\" : { \"label\" : [ \"MEPRS3CodeDescription\" ] , \"value\" : [ \"CountofRecord_ID\" ] , \"heat\" : [ ] , \"tooltip\" : [ ] , \"facet\" : [ ] } } } ) | Collect ( 500 ) ) , ( Frame ( ) | Select ( MEPRS3CodeDescription , Count ( Record_ID ) ) .as ( [ MEPRS3CodeDescription , CountofRecord_ID ] ) | Group ( MEPRS3CodeDescription ) | With ( Panel ( 1 ) ) | Format ( type = [ 'table' ] ) | TaskOptions ( { \"1\" : { \"layout\" : \"Pie\" , \"alignment\" : { \"label\" : [ \"MEPRS3CodeDescription\" ] , \"value\" : [ \"CountofRecord_ID\" ] , \"heat\" : [ ] , \"tooltip\" : [ ] , \"facet\" : [ ] } } } ) | Collect ( 500 ) ) ) ;","Panel ( 1 ) | Clone ( 2 ) ;","if ( ( HasDuplicates ( Patient_Site , Provider_Location ) ) , ( Frame ( ) | Select ( Patient_Site , Provider_Location , Count ( Record_ID ) ) .as ( [ Patient_Site , Provider_Location , CountofRecord_ID ] ) | Group ( Patient_Site , Provider_Location ) | With ( Panel ( 2 ) ) | Format ( type = [ 'table' ] ) | TaskOptions ( { \"2\" : { \"layout\" : \"HeatMap\" , \"alignment\" : { \"x\" : [ \"Patient_Site\" ] , \"y\" : [ \"Provider_Location\" ] , \"heat\" : [ \"CountofRecord_ID\" ] , \"facet\" : [ ] , \"tooltip\" : [ ] } } } ) | Collect ( 500 ) ) , ( Frame ( ) | Select ( Patient_Site , Provider_Location , Count ( Record_ID ) ) .as ( [ Patient_Site , Provider_Location , CountofRecord_ID ] ) | Group ( Patient_Site , Provider_Location ) | With ( Panel ( 2 ) ) | Format ( type = [ 'table' ] ) | TaskOptions ( { \"2\" : { \"layout\" : \"HeatMap\" , \"alignment\" : { \"x\" : [ \"Patient_Site\" ] , \"y\" : [ \"Provider_Location\" ] , \"heat\" : [ \"CountofRecord_ID\" ] , \"facet\" : [ ] , \"tooltip\" : [ ] } } } ) | Collect ( 500 ) ) ) ;","Panel ( 2 ) | SetPanelView ( \"visualization\" , \"<encode>{\"type\":\"standard\"}</encode>\" ) ;","if ( ( HasDuplicates ( Patient_Site ) ) , ( Frame ( ) | Select ( Patient_Site , Count ( Record_ID ) ) .as ( [ Patient_Site , CountofRecord_ID ] ) | Group ( Patient_Site ) | With ( Panel ( 2 ) ) | Format ( type = [ 'table' ] ) | TaskOptions ( { \"2\" : { \"layout\" : \"HeatMap\" , \"alignment\" : { \"x\" : [ \"Patient_Site\" ] , \"y\" : [ \"Patient_Site\" ] , \"heat\" : [ \"CountofRecord_ID\" ] , \"tooltip\" : [ ] } } } ) | Collect ( 500 ) ) , ( Frame ( ) | Select ( Patient_Site , Count ( Record_ID ) ) .as ( [ Patient_Site , CountofRecord_ID ] ) | Group ( Patient_Site ) | With ( Panel ( 2 ) ) | Format ( type = [ 'table' ] ) | TaskOptions ( { \"2\" : { \"layout\" : \"HeatMap\" , \"alignment\" : { \"x\" : [ \"Patient_Site\" ] , \"y\" : [ \"Patient_Site\" ] , \"heat\" : [ \"CountofRecord_ID\" ] , \"tooltip\" : [ ] } } } ) | Collect ( 500 ) ) ) ;","if ( ( HasDuplicates ( Provider_Location , Patient_Site ) ) , ( Frame ( ) | Select ( Provider_Location , Patient_Site , Count ( Record_ID ) ) .as ( [ Provider_Location , Patient_Site , CountofRecord_ID ] ) | Group ( Provider_Location , Patient_Site ) | With ( Panel ( 2 ) ) | Format ( type = [ 'table' ] ) | TaskOptions ( { \"2\" : { \"layout\" : \"HeatMap\" , \"alignment\" : { \"x\" : [ \"Provider_Location\" ] , \"y\" : [ \"Patient_Site\" ] , \"heat\" : [ \"CountofRecord_ID\" ] , \"tooltip\" : [ ] } } } ) | Collect ( 500 ) ) , ( Frame ( ) | Select ( Provider_Location , Patient_Site , Count ( Record_ID ) ) .as ( [ Provider_Location , Patient_Site , CountofRecord_ID ] ) | Group ( Provider_Location , Patient_Site ) | With ( Panel ( 2 ) ) | Format ( type = [ 'table' ] ) | TaskOptions ( { \"2\" : { \"layout\" : \"HeatMap\" , \"alignment\" : { \"x\" : [ \"Provider_Location\" ] , \"y\" : [ \"Patient_Site\" ] , \"heat\" : [ \"CountofRecord_ID\" ] , \"tooltip\" : [ ] } } } ) | Collect ( 500 ) ) ) ;","Panel ( 2 ) | Clone ( 3 ) ;","if ( ( HasDuplicates ( Wave , Provider_Location , Patient_Site ) ) , ( Frame ( ) | Select ( Wave , Provider_Location , Patient_Site , Count ( Record_ID ) ) .as ( [ Wave , Provider_Location , Patient_Site , CountofRecord_ID ] ) | Group ( Wave , Provider_Location , Patient_Site ) | With ( Panel ( 3 ) ) | Format ( type = [ 'table' ] ) | TaskOptions ( { \"3\" : { \"layout\" : \"Pack\" , \"alignment\" : { \"group\" : [ \"Wave\" , \"Provider_Location\" , \"Patient_Site\" ] , \"value\" : [ \"CountofRecord_ID\" ] } } } ) | Collect ( 500 ) ) , ( Frame ( ) | Select ( Wave , Provider_Location , Patient_Site , Count ( Record_ID ) ) .as ( [ Wave , Provider_Location , Patient_Site , CountofRecord_ID ] ) | Group ( Wave , Provider_Location , Patient_Site ) | With ( Panel ( 3 ) ) | Format ( type = [ 'table' ] ) | TaskOptions ( { \"3\" : { \"layout\" : \"Pack\" , \"alignment\" : { \"group\" : [ \"Wave\" , \"Provider_Location\" , \"Patient_Site\" ] , \"value\" : [ \"CountofRecord_ID\" ] } } } ) | Collect ( 500 ) ) ) ;","if ( ( HasDuplicates ( Wave , Patient_Site ) ) , ( Frame ( ) | Select ( Wave , Patient_Site , Count ( Record_ID ) ) .as ( [ Wave , Patient_Site , CountofRecord_ID ] ) | Group ( Wave , Patient_Site ) | With ( Panel ( 3 ) ) | Format ( type = [ 'table' ] ) | TaskOptions ( { \"3\" : { \"layout\" : \"Pack\" , \"alignment\" : { \"group\" : [ \"Wave\" , \"Patient_Site\" ] , \"value\" : [ \"CountofRecord_ID\" ] } } } ) | Collect ( 500 ) ) , ( Frame ( ) | Select ( Wave , Patient_Site , Count ( Record_ID ) ) .as ( [ Wave , Patient_Site , CountofRecord_ID ] ) | Group ( Wave , Patient_Site ) | With ( Panel ( 3 ) ) | Format ( type = [ 'table' ] ) | TaskOptions ( { \"3\" : { \"layout\" : \"Pack\" , \"alignment\" : { \"group\" : [ \"Wave\" , \"Patient_Site\" ] , \"value\" : [ \"CountofRecord_ID\" ] } } } ) | Collect ( 500 ) ) ) ;","if ( ( HasDuplicates ( Wave , Patient_Site , Provider_Location ) ) , ( Frame ( ) | Select ( Wave , Patient_Site , Provider_Location , Count ( Record_ID ) ) .as ( [ Wave , Patient_Site , Provider_Location , CountofRecord_ID ] ) | Group ( Wave , Patient_Site , Provider_Location ) | With ( Panel ( 3 ) ) | Format ( type = [ 'table' ] ) | TaskOptions ( { \"3\" : { \"layout\" : \"Pack\" , \"alignment\" : { \"group\" : [ \"Wave\" , \"Patient_Site\" , \"Provider_Location\" ] , \"value\" : [ \"CountofRecord_ID\" ] } } } ) | Collect ( 500 ) ) , ( Frame ( ) | Select ( Wave , Patient_Site , Provider_Location , Count ( Record_ID ) ) .as ( [ Wave , Patient_Site , Provider_Location , CountofRecord_ID ] ) | Group ( Wave , Patient_Site , Provider_Location ) | With ( Panel ( 3 ) ) | Format ( type = [ 'table' ] ) | TaskOptions ( { \"3\" : { \"layout\" : \"Pack\" , \"alignment\" : { \"group\" : [ \"Wave\" , \"Patient_Site\" , \"Provider_Location\" ] , \"value\" : [ \"CountofRecord_ID\" ] } } } ) | Collect ( 500 ) ) ) ;","UnfilterFrame ( Provider_Location ) ;","UnfilterFrame ( Provider_Location ) ;","UnfilterFrame ( Patient_Site ) ;","UnfilterFrame ( Provider_Location ) ;","UnfilterFrame ( Patient_Site ) ;","UnfilterFrame ( Provider_Location ) ;","UnfilterFrame ( Patient_Site ) ;","UnfilterFrame ( Provider_Location ) ;","UnfilterFrame ( Patient_Site ) ;"]}